Filename,Category
Img1137.jpg,Adults
Img3633.jpg,Teenagers
Img1474.jpg,Teenagers
Img3459.jpg,Teenagers
Img5578.jpg,Toddler
Img5052.jpg,Toddler
Img1794.jpg,Teenagers
Img6559.jpg,Toddler
Img5086.jpg,Toddler
Img1401.jpg,Adults
Img3550.jpg,Adults
Img5747.jpg,Teenagers
Img1283.jpg,Teenagers
Img3603.jpg,Teenagers
Img1806.jpg,Adults
Img1153.jpg,Teenagers
Img1370.jpg,Teenagers
Img5335.jpg,Teenagers
Img1038.jpg,Teenagers
Img6068.jpg,Adults
Img4628.jpg,Teenagers
Img2294.jpg,Adults
Img5140.jpg,Teenagers
Img2192.jpg,Teenagers
Img1716.jpg,Teenagers
Img1444.jpg,Adults
Img4105.jpg,Toddler
Img1389.jpg,Teenagers
Img2090.jpg,Teenagers
Img3128.jpg,Teenagers
Img1288.jpg,Teenagers
Img5656.jpg,Toddler
Img6871.jpg,Teenagers
Img1248.jpg,Teenagers
Img1093.jpg,Adults
Img3051.jpg,Teenagers
Img4982.jpg,Toddler
Img1403.jpg,Teenagers
Img3657.jpg,Teenagers
Img6051.jpg,Toddler
Img2151.jpg,Adults
Img1488.jpg,Adults
Img3429.jpg,Adults
Img1338.jpg,Teenagers
Img3171.jpg,Teenagers
Img2447.jpg,Adults
Img1631.jpg,Teenagers
Img3942.jpg,Teenagers
Img1388.jpg,Teenagers
Img2018.jpg,Adults
Img1541.jpg,Adults
Img1115.jpg,Teenagers
Img1797.jpg,Teenagers
Img2301.jpg,Adults
Img2426.jpg,Adults
Img2369.jpg,Teenagers
Img1154.jpg,Adults
Img1331.jpg,Adults
Img2196.jpg,Adults
Img1654.jpg,Teenagers
Img1780.jpg,Adults
Img7681.jpg,Adults
Img2255.jpg,Adults
Img1020.jpg,Teenagers
Img2270.jpg,Teenagers
Img1156.jpg,Adults
Img2235.jpg,Teenagers
Img2227.jpg,Teenagers
Img3120.jpg,Teenagers
Img2485.jpg,Teenagers
Img7678.jpg,Toddler
Img1304.jpg,Adults
Img1157.jpg,Teenagers
Img1109.jpg,Teenagers
Img1728.jpg,Adults
Img1484.jpg,Teenagers
Img3142.jpg,Teenagers
Img2586.jpg,Teenagers
Img3835.jpg,Teenagers
Img3881.jpg,Toddler
Img2145.jpg,Adults
Img1850.jpg,Teenagers
Img6695.jpg,Toddler
Img2220.jpg,Adults
Img1864.jpg,Teenagers
Img1928.jpg,Adults
Img2073.jpg,Teenagers
Img2524.jpg,Teenagers
Img1704.jpg,Teenagers
Img2363.jpg,Teenagers
Img2267.jpg,Teenagers
Img7867.jpg,Toddler
Img1001.jpg,Teenagers
Img1337.jpg,Teenagers
Img2885.jpg,Teenagers
Img5667.jpg,Adults
Img1286.jpg,Adults
Img2465.jpg,Teenagers
Img3114.jpg,Adults
Img4328.jpg,Toddler
Img3211.jpg,Teenagers
Img1136.jpg,Teenagers
Img1621.jpg,Adults
Img5128.jpg,Toddler
Img2311.jpg,Adults
Img3148.jpg,Adults
Img3081.jpg,Teenagers
Img3606.jpg,Teenagers
Img2247.jpg,Teenagers
Img2940.jpg,Teenagers
Img2229.jpg,Teenagers
Img2316.jpg,Toddler
Img6122.jpg,Toddler
Img2618.jpg,Adults
Img1875.jpg,Teenagers
Img4218.jpg,Toddler
Img3922.jpg,Teenagers
Img2351.jpg,Adults
Img2216.jpg,Adults
Img1647.jpg,Adults
Img2228.jpg,Teenagers
Img7126.jpg,Toddler
Img1989.jpg,Adults
Img5705.jpg,Teenagers
Img1981.jpg,Adults
Img2125.jpg,Adults
Img1753.jpg,Teenagers
Img3660.jpg,Adults
Img2155.jpg,Teenagers
Img2055.jpg,Adults
Img3741.jpg,Teenagers
Img1925.jpg,Adults
Img2154.jpg,Teenagers
Img1787.jpg,Teenagers
Img4163.jpg,Toddler
Img1740.jpg,Teenagers
Img1186.jpg,Teenagers
Img1415.jpg,Teenagers
Img5066.jpg,Adults
Img6153.jpg,Toddler
Img1212.jpg,Teenagers
Img7560.jpg,Teenagers
Img2445.jpg,Teenagers
Img5336.jpg,Toddler
Img3026.jpg,Teenagers
Img1562.jpg,Adults
Img3669.jpg,Teenagers
Img4606.jpg,Teenagers
Img1090.jpg,Teenagers
Img3034.jpg,Teenagers
Img3931.jpg,Teenagers
Img1823.jpg,Adults
Img1439.jpg,Teenagers
Img2134.jpg,Teenagers
Img3096.jpg,Adults
Img2704.jpg,Teenagers
Img2286.jpg,Teenagers
Img4179.jpg,Toddler
Img2190.jpg,Toddler
Img1546.jpg,Teenagers
Img3823.jpg,Teenagers
Img1064.jpg,Teenagers
Img6376.jpg,Toddler
Img7345.jpg,Toddler
Img2863.jpg,Teenagers
Img7195.jpg,Teenagers
Img1310.jpg,Teenagers
Img2954.jpg,Adults
Img3413.jpg,Teenagers
Img4339.jpg,Toddler
Img6454.jpg,Teenagers
Img3374.jpg,Teenagers
Img3222.jpg,Teenagers
Img1393.jpg,Adults
Img2454.jpg,Teenagers
Img2046.jpg,Adults
Img6896.jpg,Teenagers
Img1569.jpg,Teenagers
Img3024.jpg,Teenagers
Img7976.jpg,Teenagers
Img5768.jpg,Teenagers
Img1776.jpg,Teenagers
Img1298.jpg,Teenagers
Img1122.jpg,Adults
Img1844.jpg,Adults
Img2297.jpg,Adults
Img5182.jpg,Toddler
Img6426.jpg,Teenagers
Img1025.jpg,Adults
Img1847.jpg,Teenagers
Img1746.jpg,Teenagers
Img1771.jpg,Teenagers
Img7683.jpg,Adults
Img6057.jpg,Adults
Img3382.jpg,Teenagers
Img3350.jpg,Teenagers
Img1909.jpg,Teenagers
Img2967.jpg,Teenagers
Img1931.jpg,Teenagers
Img3907.jpg,Teenagers
Img1839.jpg,Teenagers
Img1628.jpg,Teenagers
Img4549.jpg,Toddler
Img2813.jpg,Teenagers
Img5576.jpg,Toddler
Img1311.jpg,Teenagers
Img1922.jpg,Teenagers
Img1915.jpg,Adults
Img2642.jpg,Adults
Img6615.jpg,Teenagers
Img2082.jpg,Toddler
Img3740.jpg,Teenagers
Img1182.jpg,Teenagers
Img5456.jpg,Adults
Img1573.jpg,Adults
Img3194.jpg,Teenagers
Img1270.jpg,Adults
Img1168.jpg,Teenagers
Img2924.jpg,Teenagers
Img6458.jpg,Toddler
Img2406.jpg,Teenagers
Img5694.jpg,Teenagers
Img1466.jpg,Teenagers
Img3433.jpg,Adults
Img1971.jpg,Teenagers
Img2391.jpg,Adults
Img1950.jpg,Teenagers
Img1819.jpg,Teenagers
Img7862.jpg,Adults
Img2085.jpg,Teenagers
Img1601.jpg,Teenagers
Img7078.jpg,Teenagers
Img2501.jpg,Teenagers
Img2439.jpg,Teenagers
Img1699.jpg,Adults
Img1175.jpg,Teenagers
Img3978.jpg,Teenagers
Img3629.jpg,Teenagers
Img2365.jpg,Teenagers
Img3687.jpg,Teenagers
Img3983.jpg,Teenagers
Img1451.jpg,Teenagers
Img1448.jpg,Teenagers
Img3496.jpg,Teenagers
Img3074.jpg,Adults
Img1369.jpg,Adults
Img6271.jpg,Toddler
Img3917.jpg,Teenagers
Img1535.jpg,Teenagers
Img7243.jpg,Toddler
Img2318.jpg,Teenagers
Img6949.jpg,Toddler
Img3469.jpg,Adults
Img5245.jpg,Toddler
Img3353.jpg,Teenagers
Img1766.jpg,Teenagers
Img7417.jpg,Toddler
Img1612.jpg,Adults
Img1155.jpg,Adults
Img3976.jpg,Adults
Img1530.jpg,Adults
Img1077.jpg,Teenagers
Img2672.jpg,Teenagers
Img4513.jpg,Toddler
Img1851.jpg,Adults
Img3356.jpg,Adults
Img5354.jpg,Teenagers
Img1955.jpg,Teenagers
Img1279.jpg,Adults
Img1826.jpg,Adults
Img1305.jpg,Adults
Img1792.jpg,Adults
Img2017.jpg,Teenagers
Img1417.jpg,Teenagers
Img2081.jpg,Adults
Img1472.jpg,Adults
Img2602.jpg,Teenagers
Img1114.jpg,Adults
Img4934.jpg,Adults
Img1733.jpg,Adults
Img2307.jpg,Teenagers
Img1208.jpg,Adults
Img1811.jpg,Teenagers
Img2629.jpg,Toddler
Img1073.jpg,Adults
Img1017.jpg,Adults
Img2420.jpg,Teenagers
Img5852.jpg,Teenagers
Img1071.jpg,Teenagers
Img1382.jpg,Teenagers
Img2502.jpg,Teenagers
Img1499.jpg,Teenagers
Img3731.jpg,Teenagers
Img3247.jpg,Teenagers
Img1872.jpg,Teenagers
Img1252.jpg,Adults
Img7434.jpg,Toddler
Img7130.jpg,Teenagers
Img3033.jpg,Teenagers
Img2478.jpg,Teenagers
Img1183.jpg,Adults
Img1360.jpg,Teenagers
Img2061.jpg,Adults
Img2685.jpg,Teenagers
Img1868.jpg,Adults
Img7147.jpg,Toddler
Img2677.jpg,Adults
Img2455.jpg,Adults
Img4834.jpg,Toddler
Img2040.jpg,Teenagers
Img1951.jpg,Toddler
Img5148.jpg,Toddler
Img3968.jpg,Adults
Img6290.jpg,Toddler
